Domain,Category,SEO_Title,SEO_Description,Meta_Description
PreciseTutor.com,brandable_general,PreciseTutor.com – Premium‑Markenname (Brandable General),"PreciseTutor.com ist ein markenstarker Domainname für brandable, kurzer Name, einprägsam. Kurz, einprägsam und SEO‑stark — ideal für organisches Wachstum und Vertrauen.","Entdecke PreciseTutor.com: Premium‑Name für brandable, kurzer Name und einprägsam. Kurz, merkfähig und SEO‑optimiert."
Nilufer.org,brandable_general,Nilufer.org – Premium‑Markenname (Brandable General),"Nilufer.org ist ein markenstarker Domainname für brandable, kurzer Name, einprägsam. Kurz, einprägsam und SEO‑stark — ideal für organisches Wachstum und Vertrauen.","Entdecke Nilufer.org: Premium‑Name für brandable, kurzer Name und einprägsam. Kurz, merkfähig und SEO‑optimiert."
NIFE.net,brandable_general,NIFE.net – Premium‑Markenname (Brandable General),"NIFE.net ist ein markenstarker Domainname für brandable, kurzer Name, einprägsam. Kurz, einprägsam und SEO‑stark — ideal für organisches Wachstum und Vertrauen.","Entdecke NIFE.net: Premium‑Name für brandable, kurzer Name und einprägsam. Kurz, merkfähig und SEO‑optimiert."
SUAT.net,brandable_general,SUAT.net – Premium‑Markenname (Brandable General),"SUAT.net ist ein markenstarker Domainname für brandable, kurzer Name, einprägsam. Kurz, einprägsam und SEO‑stark — ideal für organisches Wachstum und Vertrauen.","Entdecke SUAT.net: Premium‑Name für brandable, kurzer Name und einprägsam. Kurz, merkfähig und SEO‑optimiert."
WordyPool.com,brandable_general,WordyPool.com – Premium‑Markenname (Brandable General),"WordyPool.com ist ein markenstarker Domainname für brandable, kurzer Name, einprägsam. Kurz, einprägsam und SEO‑stark — ideal für organisches Wachstum und Vertrauen.","Entdecke WordyPool.com: Premium‑Name für brandable, kurzer Name und einprägsam. Kurz, merkfähig und SEO‑optimiert."
EntryOL.com,trend_analytics,EntryOL.com – Premium‑Markenname (Trend Analytics),"EntryOL.com ist ein markenstarker Domainname für Analytics, Daten, Trends. Kurz, einprägsam und SEO‑stark — ideal für organisches Wachstum und Vertrauen.","Entdecke EntryOL.com: Premium‑Name für Analytics, Daten und Trends. Kurz, merkfähig und SEO‑optimiert."
NewsPrivate.com,brandable_general,NewsPrivate.com – Premium‑Markenname (Brandable General),"NewsPrivate.com ist ein markenstarker Domainname für brandable, kurzer Name, einprägsam. Kurz, einprägsam und SEO‑stark — ideal für organisches Wachstum und Vertrauen.","Entdecke NewsPrivate.com: Premium‑Name für brandable, kurzer Name und einprägsam. Kurz, merkfähig und SEO‑optimiert."
TalkInHealth.com,brandable_general,TalkInHealth.com – Premium‑Markenname (Brandable General),"TalkInHealth.com ist ein markenstarker Domainname für brandable, kurzer Name, einprägsam. Kurz, einprägsam und SEO‑stark — ideal für organisches Wachstum und Vertrauen.","Entdecke TalkInHealth.com: Premium‑Name für brandable, kurzer Name und einprägsam. Kurz, merkfähig und SEO‑optimiert."
Kontenjan.com,brandable_general,Kontenjan.com – Premium‑Markenname (Brandable General),"Kontenjan.com ist ein markenstarker Domainname für brandable, kurzer Name, einprägsam. Kurz, einprägsam und SEO‑stark — ideal für organisches Wachstum und Vertrauen.","Entdecke Kontenjan.com: Premium‑Name für brandable, kurzer Name und einprägsam. Kurz, merkfähig und SEO‑optimiert."
Beyrout.com,brandable_general,Beyrout.com – Premium‑Markenname (Brandable General),"Beyrout.com ist ein markenstarker Domainname für brandable, kurzer Name, einprägsam. Kurz, einprägsam und SEO‑stark — ideal für organisches Wachstum und Vertrauen.","Entdecke Beyrout.com: Premium‑Name für brandable, kurzer Name und einprägsam. Kurz, merkfähig und SEO‑optimiert."
LineHaber.com,brandable_general,LineHaber.com – Premium‑Markenname (Brandable General),"LineHaber.com ist ein markenstarker Domainname für brandable, kurzer Name, einprägsam. Kurz, einprägsam und SEO‑stark — ideal für organisches Wachstum und Vertrauen.","Entdecke LineHaber.com: Premium‑Name für brandable, kurzer Name und einprägsam. Kurz, merkfähig und SEO‑optimiert."
ForDiver.com,brandable_general,ForDiver.com – Premium‑Markenname (Brandable General),"ForDiver.com ist ein markenstarker Domainname für brandable, kurzer Name, einprägsam. Kurz, einprägsam und SEO‑stark — ideal für organisches Wachstum und Vertrauen.","Entdecke ForDiver.com: Premium‑Name für brandable, kurzer Name und einprägsam. Kurz, merkfähig und SEO‑optimiert."
Layusel.com,brandable_general,Layusel.com – Premium‑Markenname (Brandable General),"Layusel.com ist ein markenstarker Domainname für brandable, kurzer Name, einprägsam. Kurz, einprägsam und SEO‑stark — ideal für organisches Wachstum und Vertrauen.","Entdecke Layusel.com: Premium‑Name für brandable, kurzer Name und einprägsam. Kurz, merkfähig und SEO‑optimiert."
SoloTat.com,brandable_general,SoloTat.com – Premium‑Markenname (Brandable General),"SoloTat.com ist ein markenstarker Domainname für brandable, kurzer Name, einprägsam. Kurz, einprägsam und SEO‑stark — ideal für organisches Wachstum und Vertrauen.","Entdecke SoloTat.com: Premium‑Name für brandable, kurzer Name und einprägsam. Kurz, merkfähig und SEO‑optimiert."
Nesnelita.com,brandable_general,Nesnelita.com – Premium‑Markenname (Brandable General),"Nesnelita.com ist ein markenstarker Domainname für brandable, kurzer Name, einprägsam. Kurz, einprägsam und SEO‑stark — ideal für organisches Wachstum und Vertrauen.","Entdecke Nesnelita.com: Premium‑Name für brandable, kurzer Name und einprägsam. Kurz, merkfähig und SEO‑optimiert."
ChimeSweeps.com,brandable_general,ChimeSweeps.com – Premium‑Markenname (Brandable General),"ChimeSweeps.com ist ein markenstarker Domainname für brandable, kurzer Name, einprägsam. Kurz, einprägsam und SEO‑stark — ideal für organisches Wachstum und Vertrauen.","Entdecke ChimeSweeps.com: Premium‑Name für brandable, kurzer Name und einprägsam. Kurz, merkfähig und SEO‑optimiert."
Joker.menu,brandable_general,Joker.menu – Premium‑Markenname (Brandable General),"Joker.menu ist ein markenstarker Domainname für brandable, kurzer Name, einprägsam. Kurz, einprägsam und SEO‑stark — ideal für organisches Wachstum und Vertrauen.","Entdecke Joker.menu: Premium‑Name für brandable, kurzer Name und einprägsam. Kurz, merkfähig und SEO‑optimiert."
Kulakizi.com,brandable_general,Kulakizi.com – Premium‑Markenname (Brandable General),"Kulakizi.com ist ein markenstarker Domainname für brandable, kurzer Name, einprägsam. Kurz, einprägsam und SEO‑stark — ideal für organisches Wachstum und Vertrauen.","Entdecke Kulakizi.com: Premium‑Name für brandable, kurzer Name und einprägsam. Kurz, merkfähig und SEO‑optimiert."
ElitAnne.com,brandable_general,ElitAnne.com – Premium‑Markenname (Brandable General),"ElitAnne.com ist ein markenstarker Domainname für brandable, kurzer Name, einprägsam. Kurz, einprägsam und SEO‑stark — ideal für organisches Wachstum und Vertrauen.","Entdecke ElitAnne.com: Premium‑Name für brandable, kurzer Name und einprägsam. Kurz, merkfähig und SEO‑optimiert."
Contactless.live,brandable_general,Contactless.live – Premium‑Markenname (Brandable General),"Contactless.live ist ein markenstarker Domainname für brandable, kurzer Name, einprägsam. Kurz, einprägsam und SEO‑stark — ideal für organisches Wachstum und Vertrauen.","Entdecke Contactless.live: Premium‑Name für brandable, kurzer Name und einprägsam. Kurz, merkfähig und SEO‑optimiert."
OnlyMyTime.com,brandable_general,OnlyMyTime.com – Premium‑Markenname (Brandable General),"OnlyMyTime.com ist ein markenstarker Domainname für brandable, kurzer Name, einprägsam. Kurz, einprägsam und SEO‑stark — ideal für organisches Wachstum und Vertrauen.","Entdecke OnlyMyTime.com: Premium‑Name für brandable, kurzer Name und einprägsam. Kurz, merkfähig und SEO‑optimiert."
VitrinIstanbul.com,brandable_general,VitrinIstanbul.com – Premium‑Markenname (Brandable General),"VitrinIstanbul.com ist ein markenstarker Domainname für brandable, kurzer Name, einprägsam. Kurz, einprägsam und SEO‑stark — ideal für organisches Wachstum und Vertrauen.","Entdecke VitrinIstanbul.com: Premium‑Name für brandable, kurzer Name und einprägsam. Kurz, merkfähig und SEO‑optimiert."
BrainsColors.com,brand_agency,BrainsColors.com – Premium‑Markenname (Brand Agency),"BrainsColors.com ist ein markenstarker Domainname für branding, agency, creative. Kurz, einprägsam und SEO‑stark — ideal für organisches Wachstum und Vertrauen.","Entdecke BrainsColors.com: Premium‑Name für branding, agency und creative. Kurz, merkfähig und SEO‑optimiert."
GetToTT.com,brandable_general,GetToTT.com – Premium‑Markenname (Brandable General),"GetToTT.com ist ein markenstarker Domainname für brandable, kurzer Name, einprägsam. Kurz, einprägsam und SEO‑stark — ideal für organisches Wachstum und Vertrauen.","Entdecke GetToTT.com: Premium‑Name für brandable, kurzer Name und einprägsam. Kurz, merkfähig und SEO‑optimiert."
ToggPacific.com,brandable_general,ToggPacific.com – Premium‑Markenname (Brandable General),"ToggPacific.com ist ein markenstarker Domainname für brandable, kurzer Name, einprägsam. Kurz, einprägsam und SEO‑stark — ideal für organisches Wachstum und Vertrauen.","Entdecke ToggPacific.com: Premium‑Name für brandable, kurzer Name und einprägsam. Kurz, merkfähig und SEO‑optimiert."
BigGaga.com,brandable_general,BigGaga.com – Premium‑Markenname (Brandable General),"BigGaga.com ist ein markenstarker Domainname für brandable, kurzer Name, einprägsam. Kurz, einprägsam und SEO‑stark — ideal für organisches Wachstum und Vertrauen.","Entdecke BigGaga.com: Premium‑Name für brandable, kurzer Name und einprägsam. Kurz, merkfähig und SEO‑optimiert."
BackStamp.co,brandable_general,BackStamp.co – Premium‑Markenname (Brandable General),"BackStamp.co ist ein markenstarker Domainname für brandable, kurzer Name, einprägsam. Kurz, einprägsam und SEO‑stark — ideal für organisches Wachstum und Vertrauen.","Entdecke BackStamp.co: Premium‑Name für brandable, kurzer Name und einprägsam. Kurz, merkfähig und SEO‑optimiert."
BoldLend.co,brandable_general,BoldLend.co – Premium‑Markenname (Brandable General),"BoldLend.co ist ein markenstarker Domainname für brandable, kurzer Name, einprägsam. Kurz, einprägsam und SEO‑stark — ideal für organisches Wachstum und Vertrauen.","Entdecke BoldLend.co: Premium‑Name für brandable, kurzer Name und einprägsam. Kurz, merkfähig und SEO‑optimiert."
EliteComfort.co,nature_green,EliteComfort.co – Premium‑Markenname (Nature Green),"EliteComfort.co ist ein markenstarker Domainname für Nachhaltigkeit, Öko, Natur. Kurz, einprägsam und SEO‑stark — ideal für organisches Wachstum und Vertrauen.","Entdecke EliteComfort.co: Premium‑Name für Nachhaltigkeit, Öko und Natur. Kurz, merkfähig und SEO‑optimiert."
FaceRepair.co,brandable_general,FaceRepair.co – Premium‑Markenname (Brandable General),"FaceRepair.co ist ein markenstarker Domainname für brandable, kurzer Name, einprägsam. Kurz, einprägsam und SEO‑stark — ideal für organisches Wachstum und Vertrauen.","Entdecke FaceRepair.co: Premium‑Name für brandable, kurzer Name und einprägsam. Kurz, merkfähig und SEO‑optimiert."
GeniusBee.co,brand_agency,GeniusBee.co – Premium‑Markenname (Brand Agency),"GeniusBee.co ist ein markenstarker Domainname für branding, agency, creative. Kurz, einprägsam und SEO‑stark — ideal für organisches Wachstum und Vertrauen.","Entdecke GeniusBee.co: Premium‑Name für branding, agency und creative. Kurz, merkfähig und SEO‑optimiert."
MultiMile.co,brandable_general,MultiMile.co – Premium‑Markenname (Brandable General),"MultiMile.co ist ein markenstarker Domainname für brandable, kurzer Name, einprägsam. Kurz, einprägsam und SEO‑stark — ideal für organisches Wachstum und Vertrauen.","Entdecke MultiMile.co: Premium‑Name für brandable, kurzer Name und einprägsam. Kurz, merkfähig und SEO‑optimiert."
NurseWorks.co,brandable_general,NurseWorks.co – Premium‑Markenname (Brandable General),"NurseWorks.co ist ein markenstarker Domainname für brandable, kurzer Name, einprägsam. Kurz, einprägsam und SEO‑stark — ideal für organisches Wachstum und Vertrauen.","Entdecke NurseWorks.co: Premium‑Name für brandable, kurzer Name und einprägsam. Kurz, merkfähig und SEO‑optimiert."
PeakBuilt.co,brandable_general,PeakBuilt.co – Premium‑Markenname (Brandable General),"PeakBuilt.co ist ein markenstarker Domainname für brandable, kurzer Name, einprägsam. Kurz, einprägsam und SEO‑stark — ideal für organisches Wachstum und Vertrauen.","Entdecke PeakBuilt.co: Premium‑Name für brandable, kurzer Name und einprägsam. Kurz, merkfähig und SEO‑optimiert."
PublicClinic.co,brandable_general,PublicClinic.co – Premium‑Markenname (Brandable General),"PublicClinic.co ist ein markenstarker Domainname für brandable, kurzer Name, einprägsam. Kurz, einprägsam und SEO‑stark — ideal für organisches Wachstum und Vertrauen.","Entdecke PublicClinic.co: Premium‑Name für brandable, kurzer Name und einprägsam. Kurz, merkfähig und SEO‑optimiert."
ShoeSpot.co,brandable_general,ShoeSpot.co – Premium‑Markenname (Brandable General),"ShoeSpot.co ist ein markenstarker Domainname für brandable, kurzer Name, einprägsam. Kurz, einprägsam und SEO‑stark — ideal für organisches Wachstum und Vertrauen.","Entdecke ShoeSpot.co: Premium‑Name für brandable, kurzer Name und einprägsam. Kurz, merkfähig und SEO‑optimiert."
SmartWarranty.co,warranty,SmartWarranty.co – Premium‑Markenname (Warranty),"SmartWarranty.co ist ein markenstarker Domainname für Garantie, Produktschutz, Abdeckung. Kurz, einprägsam und SEO‑stark — ideal für organisches Wachstum und Vertrauen.","Entdecke SmartWarranty.co: Premium‑Name für Garantie, Produktschutz und Abdeckung. Kurz, merkfähig und SEO‑optimiert."
SolarCharging.co,brandable_general,SolarCharging.co – Premium‑Markenname (Brandable General),"SolarCharging.co ist ein markenstarker Domainname für brandable, kurzer Name, einprägsam. Kurz, einprägsam und SEO‑stark — ideal für organisches Wachstum und Vertrauen.","Entdecke SolarCharging.co: Premium‑Name für brandable, kurzer Name und einprägsam. Kurz, merkfähig und SEO‑optimiert."
SpaTreatments.co,brandable_general,SpaTreatments.co – Premium‑Markenname (Brandable General),"SpaTreatments.co ist ein markenstarker Domainname für brandable, kurzer Name, einprägsam. Kurz, einprägsam und SEO‑stark — ideal für organisches Wachstum und Vertrauen.","Entdecke SpaTreatments.co: Premium‑Name für brandable, kurzer Name und einprägsam. Kurz, merkfähig und SEO‑optimiert."
SuitStore.co,brandable_general,SuitStore.co – Premium‑Markenname (Brandable General),"SuitStore.co ist ein markenstarker Domainname für brandable, kurzer Name, einprägsam. Kurz, einprägsam und SEO‑stark — ideal für organisches Wachstum und Vertrauen.","Entdecke SuitStore.co: Premium‑Name für brandable, kurzer Name und einprägsam. Kurz, merkfähig und SEO‑optimiert."
VirtualSight.co,brandable_general,VirtualSight.co – Premium‑Markenname (Brandable General),"VirtualSight.co ist ein markenstarker Domainname für brandable, kurzer Name, einprägsam. Kurz, einprägsam und SEO‑stark — ideal für organisches Wachstum und Vertrauen.","Entdecke VirtualSight.co: Premium‑Name für brandable, kurzer Name und einprägsam. Kurz, merkfähig und SEO‑optimiert."
TriedCarrier.com,logistics_transport,TriedCarrier.com – Premium‑Markenname (Logistics Transport),"TriedCarrier.com ist ein markenstarker Domainname für Logistik, Carrier, Flotte. Kurz, einprägsam und SEO‑stark — ideal für organisches Wachstum und Vertrauen.","Entdecke TriedCarrier.com: Premium‑Name für Logistik, Carrier und Flotte. Kurz, merkfähig und SEO‑optimiert."
TriedDelivery.com,brandable_general,TriedDelivery.com – Premium‑Markenname (Brandable General),"TriedDelivery.com ist ein markenstarker Domainname für brandable, kurzer Name, einprägsam. Kurz, einprägsam und SEO‑stark — ideal für organisches Wachstum und Vertrauen.","Entdecke TriedDelivery.com: Premium‑Name für brandable, kurzer Name und einprägsam. Kurz, merkfähig und SEO‑optimiert."
Lebabet.com,brandable_general,Lebabet.com – Premium‑Markenname (Brandable General),"Lebabet.com ist ein markenstarker Domainname für brandable, kurzer Name, einprägsam. Kurz, einprägsam und SEO‑stark — ideal für organisches Wachstum und Vertrauen.","Entdecke Lebabet.com: Premium‑Name für brandable, kurzer Name und einprägsam. Kurz, merkfähig und SEO‑optimiert."
WhiteScut.com,brandable_general,WhiteScut.com – Premium‑Markenname (Brandable General),"WhiteScut.com ist ein markenstarker Domainname für brandable, kurzer Name, einprägsam. Kurz, einprägsam und SEO‑stark — ideal für organisches Wachstum und Vertrauen.","Entdecke WhiteScut.com: Premium‑Name für brandable, kurzer Name und einprägsam. Kurz, merkfähig und SEO‑optimiert."
Aleyh.com,brandable_general,Aleyh.com – Premium‑Markenname (Brandable General),"Aleyh.com ist ein markenstarker Domainname für brandable, kurzer Name, einprägsam. Kurz, einprägsam und SEO‑stark — ideal für organisches Wachstum und Vertrauen.","Entdecke Aleyh.com: Premium‑Name für brandable, kurzer Name und einprägsam. Kurz, merkfähig und SEO‑optimiert."
CNPQ.org,brandable_general,CNPQ.org – Premium‑Markenname (Brandable General),"CNPQ.org ist ein markenstarker Domainname für brandable, kurzer Name, einprägsam. Kurz, einprägsam und SEO‑stark — ideal für organisches Wachstum und Vertrauen.","Entdecke CNPQ.org: Premium‑Name für brandable, kurzer Name und einprägsam. Kurz, merkfähig und SEO‑optimiert."
UsherMore.com,brandable_general,UsherMore.com – Premium‑Markenname (Brandable General),"UsherMore.com ist ein markenstarker Domainname für brandable, kurzer Name, einprägsam. Kurz, einprägsam und SEO‑stark — ideal für organisches Wachstum und Vertrauen.","Entdecke UsherMore.com: Premium‑Name für brandable, kurzer Name und einprägsam. Kurz, merkfähig und SEO‑optimiert."
Zikrullah.com,brandable_general,Zikrullah.com – Premium‑Markenname (Brandable General),"Zikrullah.com ist ein markenstarker Domainname für brandable, kurzer Name, einprägsam. Kurz, einprägsam und SEO‑stark — ideal für organisches Wachstum und Vertrauen.","Entdecke Zikrullah.com: Premium‑Name für brandable, kurzer Name und einprägsam. Kurz, merkfähig und SEO‑optimiert."
Vakit.org,brandable_general,Vakit.org – Premium‑Markenname (Brandable General),"Vakit.org ist ein markenstarker Domainname für brandable, kurzer Name, einprägsam. Kurz, einprägsam und SEO‑stark — ideal für organisches Wachstum und Vertrauen.","Entdecke Vakit.org: Premium‑Name für brandable, kurzer Name und einprägsam. Kurz, merkfähig und SEO‑optimiert."
AimDD.com,brandable_general,AimDD.com – Premium‑Markenname (Brandable General),"AimDD.com ist ein markenstarker Domainname für brandable, kurzer Name, einprägsam. Kurz, einprägsam und SEO‑stark — ideal für organisches Wachstum und Vertrauen.","Entdecke AimDD.com: Premium‑Name für brandable, kurzer Name und einprägsam. Kurz, merkfähig und SEO‑optimiert."
mPAYm.com,brandable_general,mPAYm.com – Premium‑Markenname (Brandable General),"mPAYm.com ist ein markenstarker Domainname für brandable, kurzer Name, einprägsam. Kurz, einprägsam und SEO‑stark — ideal für organisches Wachstum und Vertrauen.","Entdecke mPAYm.com: Premium‑Name für brandable, kurzer Name und einprägsam. Kurz, merkfähig und SEO‑optimiert."
GoGode.com,brandable_general,GoGode.com – Premium‑Markenname (Brandable General),"GoGode.com ist ein markenstarker Domainname für brandable, kurzer Name, einprägsam. Kurz, einprägsam und SEO‑stark — ideal für organisches Wachstum und Vertrauen.","Entdecke GoGode.com: Premium‑Name für brandable, kurzer Name und einprägsam. Kurz, merkfähig und SEO‑optimiert."
TTSus.com,brandable_general,TTSus.com – Premium‑Markenname (Brandable General),"TTSus.com ist ein markenstarker Domainname für brandable, kurzer Name, einprägsam. Kurz, einprägsam und SEO‑stark — ideal für organisches Wachstum und Vertrauen.","Entdecke TTSus.com: Premium‑Name für brandable, kurzer Name und einprägsam. Kurz, merkfähig und SEO‑optimiert."
Oemec.com,brandable_general,Oemec.com – Premium‑Markenname (Brandable General),"Oemec.com ist ein markenstarker Domainname für brandable, kurzer Name, einprägsam. Kurz, einprägsam und SEO‑stark — ideal für organisches Wachstum und Vertrauen.","Entdecke Oemec.com: Premium‑Name für brandable, kurzer Name und einprägsam. Kurz, merkfähig und SEO‑optimiert."
Padga.com,brandable_general,Padga.com – Premium‑Markenname (Brandable General),"Padga.com ist ein markenstarker Domainname für brandable, kurzer Name, einprägsam. Kurz, einprägsam und SEO‑stark — ideal für organisches Wachstum und Vertrauen.","Entdecke Padga.com: Premium‑Name für brandable, kurzer Name und einprägsam. Kurz, merkfähig und SEO‑optimiert."
TatilSpotu.com,brandable_general,TatilSpotu.com – Premium‑Markenname (Brandable General),"TatilSpotu.com ist ein markenstarker Domainname für brandable, kurzer Name, einprägsam. Kurz, einprägsam und SEO‑stark — ideal für organisches Wachstum und Vertrauen.","Entdecke TatilSpotu.com: Premium‑Name für brandable, kurzer Name und einprägsam. Kurz, merkfähig und SEO‑optimiert."
MirRoo.com,brandable_general,MirRoo.com – Premium‑Markenname (Brandable General),"MirRoo.com ist ein markenstarker Domainname für brandable, kurzer Name, einprägsam. Kurz, einprägsam und SEO‑stark — ideal für organisches Wachstum und Vertrauen.","Entdecke MirRoo.com: Premium‑Name für brandable, kurzer Name und einprägsam. Kurz, merkfähig und SEO‑optimiert."
SozLux.com,brandable_general,SozLux.com – Premium‑Markenname (Brandable General),"SozLux.com ist ein markenstarker Domainname für brandable, kurzer Name, einprägsam. Kurz, einprägsam und SEO‑stark — ideal für organisches Wachstum und Vertrauen.","Entdecke SozLux.com: Premium‑Name für brandable, kurzer Name und einprägsam. Kurz, merkfähig und SEO‑optimiert."
PanelAxis.com,saas_dashboard,PanelAxis.com – Premium‑Markenname (Saas Dashboard),"PanelAxis.com ist ein markenstarker Domainname für SaaS, Dashboard, B2B‑Software. Kurz, einprägsam und SEO‑stark — ideal für organisches Wachstum und Vertrauen.","Entdecke PanelAxis.com: Premium‑Name für SaaS, Dashboard und B2B‑Software. Kurz, merkfähig und SEO‑optimiert."
MentorTiger.com,animals_strength,MentorTiger.com – Premium‑Markenname (Animals Strength),"MentorTiger.com ist ein markenstarker Domainname für Fitness, Outdoor, Leadership. Kurz, einprägsam und SEO‑stark — ideal für organisches Wachstum und Vertrauen.","Entdecke MentorTiger.com: Premium‑Name für Fitness, Outdoor und Leadership. Kurz, merkfähig und SEO‑optimiert."
SuperWavy.com,brandable_general,SuperWavy.com – Premium‑Markenname (Brandable General),"SuperWavy.com ist ein markenstarker Domainname für brandable, kurzer Name, einprägsam. Kurz, einprägsam und SEO‑stark — ideal für organisches Wachstum und Vertrauen.","Entdecke SuperWavy.com: Premium‑Name für brandable, kurzer Name und einprägsam. Kurz, merkfähig und SEO‑optimiert."
Zivto.com,brandable_general,Zivto.com – Premium‑Markenname (Brandable General),"Zivto.com ist ein markenstarker Domainname für brandable, kurzer Name, einprägsam. Kurz, einprägsam und SEO‑stark — ideal für organisches Wachstum und Vertrauen.","Entdecke Zivto.com: Premium‑Name für brandable, kurzer Name und einprägsam. Kurz, merkfähig und SEO‑optimiert."
FlavorOrbit.com,food_snack,FlavorOrbit.com – Premium‑Markenname (Food Snack),"FlavorOrbit.com ist ein markenstarker Domainname für Snacks, Food‑Marke, Lieferdienst. Kurz, einprägsam und SEO‑stark — ideal für organisches Wachstum und Vertrauen.","Entdecke FlavorOrbit.com: Premium‑Name für Snacks, Food‑Marke und Lieferdienst. Kurz, merkfähig und SEO‑optimiert."
NiceLush.com,health_diet,NiceLush.com – Premium‑Markenname (Health Diet),"NiceLush.com ist ein markenstarker Domainname für gesunde Ernährung, Ernährung, Wellness. Kurz, einprägsam und SEO‑stark — ideal für organisches Wachstum und Vertrauen.","Entdecke NiceLush.com: Premium‑Name für gesunde Ernährung, Ernährung und Wellness. Kurz, merkfähig und SEO‑optimiert."
SnackOrbit.com,food_snack,SnackOrbit.com – Premium‑Markenname (Food Snack),"SnackOrbit.com ist ein markenstarker Domainname für Snacks, Food‑Marke, Lieferdienst. Kurz, einprägsam und SEO‑stark — ideal für organisches Wachstum und Vertrauen.","Entdecke SnackOrbit.com: Premium‑Name für Snacks, Food‑Marke und Lieferdienst. Kurz, merkfähig und SEO‑optimiert."
CardioBear.com,health_diet,CardioBear.com – Premium‑Markenname (Health Diet),"CardioBear.com ist ein markenstarker Domainname für gesunde Ernährung, Ernährung, Wellness. Kurz, einprägsam und SEO‑stark — ideal für organisches Wachstum und Vertrauen.","Entdecke CardioBear.com: Premium‑Name für gesunde Ernährung, Ernährung und Wellness. Kurz, merkfähig und SEO‑optimiert."
VUY.io,brandable_general,VUY.io – Premium‑Markenname (Brandable General),"VUY.io ist ein markenstarker Domainname für brandable, kurzer Name, einprägsam. Kurz, einprägsam und SEO‑stark — ideal für organisches Wachstum und Vertrauen.","Entdecke VUY.io: Premium‑Name für brandable, kurzer Name und einprägsam. Kurz, merkfähig und SEO‑optimiert."
AVRI.net,brandable_general,AVRI.net – Premium‑Markenname (Brandable General),"AVRI.net ist ein markenstarker Domainname für brandable, kurzer Name, einprägsam. Kurz, einprägsam und SEO‑stark — ideal für organisches Wachstum und Vertrauen.","Entdecke AVRI.net: Premium‑Name für brandable, kurzer Name und einprägsam. Kurz, merkfähig und SEO‑optimiert."
USNA.net,brandable_general,USNA.net – Premium‑Markenname (Brandable General),"USNA.net ist ein markenstarker Domainname für brandable, kurzer Name, einprägsam. Kurz, einprägsam und SEO‑stark — ideal für organisches Wachstum und Vertrauen.","Entdecke USNA.net: Premium‑Name für brandable, kurzer Name und einprägsam. Kurz, merkfähig und SEO‑optimiert."
SBR.net,brandable_general,SBR.net – Premium‑Markenname (Brandable General),"SBR.net ist ein markenstarker Domainname für brandable, kurzer Name, einprägsam. Kurz, einprägsam und SEO‑stark — ideal für organisches Wachstum und Vertrauen.","Entdecke SBR.net: Premium‑Name für brandable, kurzer Name und einprägsam. Kurz, merkfähig und SEO‑optimiert."
WordEntry.com,trend_analytics,WordEntry.com – Premium‑Markenname (Trend Analytics),"WordEntry.com ist ein markenstarker Domainname für Analytics, Daten, Trends. Kurz, einprägsam und SEO‑stark — ideal für organisches Wachstum und Vertrauen.","Entdecke WordEntry.com: Premium‑Name für Analytics, Daten und Trends. Kurz, merkfähig und SEO‑optimiert."
HairToCare.com,brandable_general,HairToCare.com – Premium‑Markenname (Brandable General),"HairToCare.com ist ein markenstarker Domainname für brandable, kurzer Name, einprägsam. Kurz, einprägsam und SEO‑stark — ideal für organisches Wachstum und Vertrauen.","Entdecke HairToCare.com: Premium‑Name für brandable, kurzer Name und einprägsam. Kurz, merkfähig und SEO‑optimiert."
HitRegion.com,trend_analytics,HitRegion.com – Premium‑Markenname (Trend Analytics),"HitRegion.com ist ein markenstarker Domainname für Analytics, Daten, Trends. Kurz, einprägsam und SEO‑stark — ideal für organisches Wachstum und Vertrauen.","Entdecke HitRegion.com: Premium‑Name für Analytics, Daten und Trends. Kurz, merkfähig und SEO‑optimiert."
UYFE.com,brandable_general,UYFE.com – Premium‑Markenname (Brandable General),"UYFE.com ist ein markenstarker Domainname für brandable, kurzer Name, einprägsam. Kurz, einprägsam und SEO‑stark — ideal für organisches Wachstum und Vertrauen.","Entdecke UYFE.com: Premium‑Name für brandable, kurzer Name und einprägsam. Kurz, merkfähig und SEO‑optimiert."
Batyal.com,brandable_general,Batyal.com – Premium‑Markenname (Brandable General),"Batyal.com ist ein markenstarker Domainname für brandable, kurzer Name, einprägsam. Kurz, einprägsam und SEO‑stark — ideal für organisches Wachstum und Vertrauen.","Entdecke Batyal.com: Premium‑Name für brandable, kurzer Name und einprägsam. Kurz, merkfähig und SEO‑optimiert."
OldLogic.com,trend_analytics,OldLogic.com – Premium‑Markenname (Trend Analytics),"OldLogic.com ist ein markenstarker Domainname für Analytics, Daten, Trends. Kurz, einprägsam und SEO‑stark — ideal für organisches Wachstum und Vertrauen.","Entdecke OldLogic.com: Premium‑Name für Analytics, Daten und Trends. Kurz, merkfähig und SEO‑optimiert."
BonnyDiet.com,health_diet,BonnyDiet.com – Premium‑Markenname (Health Diet),"BonnyDiet.com ist ein markenstarker Domainname für gesunde Ernährung, Ernährung, Wellness. Kurz, einprägsam und SEO‑stark — ideal für organisches Wachstum und Vertrauen.","Entdecke BonnyDiet.com: Premium‑Name für gesunde Ernährung, Ernährung und Wellness. Kurz, merkfähig und SEO‑optimiert."
Nadyo.com,brandable_general,Nadyo.com – Premium‑Markenname (Brandable General),"Nadyo.com ist ein markenstarker Domainname für brandable, kurzer Name, einprägsam. Kurz, einprägsam und SEO‑stark — ideal für organisches Wachstum und Vertrauen.","Entdecke Nadyo.com: Premium‑Name für brandable, kurzer Name und einprägsam. Kurz, merkfähig und SEO‑optimiert."
Bipna.com,brandable_general,Bipna.com – Premium‑Markenname (Brandable General),"Bipna.com ist ein markenstarker Domainname für brandable, kurzer Name, einprägsam. Kurz, einprägsam und SEO‑stark — ideal für organisches Wachstum und Vertrauen.","Entdecke Bipna.com: Premium‑Name für brandable, kurzer Name und einprägsam. Kurz, merkfähig und SEO‑optimiert."
SweetSkirt.com,brandable_general,SweetSkirt.com – Premium‑Markenname (Brandable General),"SweetSkirt.com ist ein markenstarker Domainname für brandable, kurzer Name, einprägsam. Kurz, einprägsam und SEO‑stark — ideal für organisches Wachstum und Vertrauen.","Entdecke SweetSkirt.com: Premium‑Name für brandable, kurzer Name und einprägsam. Kurz, merkfähig und SEO‑optimiert."
Elfida.com,brandable_general,Elfida.com – Premium‑Markenname (Brandable General),"Elfida.com ist ein markenstarker Domainname für brandable, kurzer Name, einprägsam. Kurz, einprägsam und SEO‑stark — ideal für organisches Wachstum und Vertrauen.","Entdecke Elfida.com: Premium‑Name für brandable, kurzer Name und einprägsam. Kurz, merkfähig und SEO‑optimiert."
HideDocs.com,security_privacy,HideDocs.com – Premium‑Markenname (Security Privacy),"HideDocs.com ist ein markenstarker Domainname für Cybersecurity, Datenschutz, Tresor. Kurz, einprägsam und SEO‑stark — ideal für organisches Wachstum und Vertrauen.","Entdecke HideDocs.com: Premium‑Name für Cybersecurity, Datenschutz und Tresor. Kurz, merkfähig und SEO‑optimiert."
ToggTeam.com,brandable_general,ToggTeam.com – Premium‑Markenname (Brandable General),"ToggTeam.com ist ein markenstarker Domainname für brandable, kurzer Name, einprägsam. Kurz, einprägsam und SEO‑stark — ideal für organisches Wachstum und Vertrauen.","Entdecke ToggTeam.com: Premium‑Name für brandable, kurzer Name und einprägsam. Kurz, merkfähig und SEO‑optimiert."
Belenay.com,brandable_general,Belenay.com – Premium‑Markenname (Brandable General),"Belenay.com ist ein markenstarker Domainname für brandable, kurzer Name, einprägsam. Kurz, einprägsam und SEO‑stark — ideal für organisches Wachstum und Vertrauen.","Entdecke Belenay.com: Premium‑Name für brandable, kurzer Name und einprägsam. Kurz, merkfähig und SEO‑optimiert."
LuckLack.com,brandable_general,LuckLack.com – Premium‑Markenname (Brandable General),"LuckLack.com ist ein markenstarker Domainname für brandable, kurzer Name, einprägsam. Kurz, einprägsam und SEO‑stark — ideal für organisches Wachstum und Vertrauen.","Entdecke LuckLack.com: Premium‑Name für brandable, kurzer Name und einprägsam. Kurz, merkfähig und SEO‑optimiert."
DoSlush.com,health_diet,DoSlush.com – Premium‑Markenname (Health Diet),"DoSlush.com ist ein markenstarker Domainname für gesunde Ernährung, Ernährung, Wellness. Kurz, einprägsam und SEO‑stark — ideal für organisches Wachstum und Vertrauen.","Entdecke DoSlush.com: Premium‑Name für gesunde Ernährung, Ernährung und Wellness. Kurz, merkfähig und SEO‑optimiert."
Melkut.com,brandable_general,Melkut.com – Premium‑Markenname (Brandable General),"Melkut.com ist ein markenstarker Domainname für brandable, kurzer Name, einprägsam. Kurz, einprägsam und SEO‑stark — ideal für organisches Wachstum und Vertrauen.","Entdecke Melkut.com: Premium‑Name für brandable, kurzer Name und einprägsam. Kurz, merkfähig und SEO‑optimiert."
Doslash.com,brandable_general,Doslash.com – Premium‑Markenname (Brandable General),"Doslash.com ist ein markenstarker Domainname für brandable, kurzer Name, einprägsam. Kurz, einprägsam und SEO‑stark — ideal für organisches Wachstum und Vertrauen.","Entdecke Doslash.com: Premium‑Name für brandable, kurzer Name und einprägsam. Kurz, merkfähig und SEO‑optimiert."
ActiveStamp.com,brandable_general,ActiveStamp.com – Premium‑Markenname (Brandable General),"ActiveStamp.com ist ein markenstarker Domainname für brandable, kurzer Name, einprägsam. Kurz, einprägsam und SEO‑stark — ideal für organisches Wachstum und Vertrauen.","Entdecke ActiveStamp.com: Premium‑Name für brandable, kurzer Name und einprägsam. Kurz, merkfähig und SEO‑optimiert."
WellWhet.com,health_diet,WellWhet.com – Premium‑Markenname (Health Diet),"WellWhet.com ist ein markenstarker Domainname für gesunde Ernährung, Ernährung, Wellness. Kurz, einprägsam und SEO‑stark — ideal für organisches Wachstum und Vertrauen.","Entdecke WellWhet.com: Premium‑Name für gesunde Ernährung, Ernährung und Wellness. Kurz, merkfähig und SEO‑optimiert."
BetterWolf.com,animals_strength,BetterWolf.com – Premium‑Markenname (Animals Strength),"BetterWolf.com ist ein markenstarker Domainname für Fitness, Outdoor, Leadership. Kurz, einprägsam und SEO‑stark — ideal für organisches Wachstum und Vertrauen.","Entdecke BetterWolf.com: Premium‑Name für Fitness, Outdoor und Leadership. Kurz, merkfähig und SEO‑optimiert."
ForeverActive.co,brandable_general,ForeverActive.co – Premium‑Markenname (Brandable General),"ForeverActive.co ist ein markenstarker Domainname für brandable, kurzer Name, einprägsam. Kurz, einprägsam und SEO‑stark — ideal für organisches Wachstum und Vertrauen.","Entdecke ForeverActive.co: Premium‑Name für brandable, kurzer Name und einprägsam. Kurz, merkfähig und SEO‑optimiert."
NatureBased.co,nature_green,NatureBased.co – Premium‑Markenname (Nature Green),"NatureBased.co ist ein markenstarker Domainname für Nachhaltigkeit, Öko, Natur. Kurz, einprägsam und SEO‑stark — ideal für organisches Wachstum und Vertrauen.","Entdecke NatureBased.co: Premium‑Name für Nachhaltigkeit, Öko und Natur. Kurz, merkfähig und SEO‑optimiert."
ReCarrier.com,logistics_transport,ReCarrier.com – Premium‑Markenname (Logistics Transport),"ReCarrier.com ist ein markenstarker Domainname für Logistik, Carrier, Flotte. Kurz, einprägsam und SEO‑stark — ideal für organisches Wachstum und Vertrauen.","Entdecke ReCarrier.com: Premium‑Name für Logistik, Carrier und Flotte. Kurz, merkfähig und SEO‑optimiert."
BoldWarranty.com,warranty,BoldWarranty.com – Premium‑Markenname (Warranty),"BoldWarranty.com ist ein markenstarker Domainname für Garantie, Produktschutz, Abdeckung. Kurz, einprägsam und SEO‑stark — ideal für organisches Wachstum und Vertrauen.","Entdecke BoldWarranty.com: Premium‑Name für Garantie, Produktschutz und Abdeckung. Kurz, merkfähig und SEO‑optimiert."
BrightWarranty.com,warranty,BrightWarranty.com – Premium‑Markenname (Warranty),"BrightWarranty.com ist ein markenstarker Domainname für Garantie, Produktschutz, Abdeckung. Kurz, einprägsam und SEO‑stark — ideal für organisches Wachstum und Vertrauen.","Entdecke BrightWarranty.com: Premium‑Name für Garantie, Produktschutz und Abdeckung. Kurz, merkfähig und SEO‑optimiert."
GorgeousEstate.com,real_estate,GorgeousEstate.com – Premium‑Markenname (Real Estate),"GorgeousEstate.com ist ein markenstarker Domainname für Immobilien, PropTech, Luxusobjekte. Kurz, einprägsam und SEO‑stark — ideal für organisches Wachstum und Vertrauen.","Entdecke GorgeousEstate.com: Premium‑Name für Immobilien, PropTech und Luxusobjekte. Kurz, merkfähig und SEO‑optimiert."
SwirlFox.com,animals_strength,SwirlFox.com – Premium‑Markenname (Animals Strength),"SwirlFox.com ist ein markenstarker Domainname für Fitness, Outdoor, Leadership. Kurz, einprägsam und SEO‑stark — ideal für organisches Wachstum und Vertrauen.","Entdecke SwirlFox.com: Premium‑Name für Fitness, Outdoor und Leadership. Kurz, merkfähig und SEO‑optimiert."
VortexBee.com,brandable_general,VortexBee.com – Premium‑Markenname (Brandable General),"VortexBee.com ist ein markenstarker Domainname für brandable, kurzer Name, einprägsam. Kurz, einprägsam und SEO‑stark — ideal für organisches Wachstum und Vertrauen.","Entdecke VortexBee.com: Premium‑Name für brandable, kurzer Name und einprägsam. Kurz, merkfähig und SEO‑optimiert."
UMZ.io,brandable_general,UMZ.io – Premium‑Markenname (Brandable General),"UMZ.io ist ein markenstarker Domainname für brandable, kurzer Name, einprägsam. Kurz, einprägsam und SEO‑stark — ideal für organisches Wachstum und Vertrauen.","Entdecke UMZ.io: Premium‑Name für brandable, kurzer Name und einprägsam. Kurz, merkfähig und SEO‑optimiert."
Superluminosity.com,trend_analytics,Superluminosity.com – Premium‑Markenname (Trend Analytics),"Superluminosity.com ist ein markenstarker Domainname für Analytics, Daten, Trends. Kurz, einprägsam und SEO‑stark — ideal für organisches Wachstum und Vertrauen.","Entdecke Superluminosity.com: Premium‑Name für Analytics, Daten und Trends. Kurz, merkfähig und SEO‑optimiert."
Hulgum.com,brandable_general,Hulgum.com – Premium‑Markenname (Brandable General),"Hulgum.com ist ein markenstarker Domainname für brandable, kurzer Name, einprägsam. Kurz, einprägsam und SEO‑stark — ideal für organisches Wachstum und Vertrauen.","Entdecke Hulgum.com: Premium‑Name für brandable, kurzer Name und einprägsam. Kurz, merkfähig und SEO‑optimiert."
WorkBison.com,animals_strength,WorkBison.com – Premium‑Markenname (Animals Strength),"WorkBison.com ist ein markenstarker Domainname für Fitness, Outdoor, Leadership. Kurz, einprägsam und SEO‑stark — ideal für organisches Wachstum und Vertrauen.","Entdecke WorkBison.com: Premium‑Name für Fitness, Outdoor und Leadership. Kurz, merkfähig und SEO‑optimiert."
DEEB.co,brandable_general,DEEB.co – Premium‑Markenname (Brandable General),"DEEB.co ist ein markenstarker Domainname für brandable, kurzer Name, einprägsam. Kurz, einprägsam und SEO‑stark — ideal für organisches Wachstum und Vertrauen.","Entdecke DEEB.co: Premium‑Name für brandable, kurzer Name und einprägsam. Kurz, merkfähig und SEO‑optimiert."
DormantEnergy.com,brandable_general,DormantEnergy.com – Premium‑Markenname (Brandable General),"DormantEnergy.com ist ein markenstarker Domainname für brandable, kurzer Name, einprägsam. Kurz, einprägsam und SEO‑stark — ideal für organisches Wachstum und Vertrauen.","Entdecke DormantEnergy.com: Premium‑Name für brandable, kurzer Name und einprägsam. Kurz, merkfähig und SEO‑optimiert."
RavenTour.com,music_audio,RavenTour.com – Premium‑Markenname (Music Audio),"RavenTour.com ist ein markenstarker Domainname für KI‑Musik, Audio‑Software, Sound Design. Kurz, einprägsam und SEO‑stark — ideal für organisches Wachstum und Vertrauen.","Entdecke RavenTour.com: Premium‑Name für KI‑Musik, Audio‑Software und Sound Design. Kurz, merkfähig und SEO‑optimiert."
FlavorPilot.com,food_snack,FlavorPilot.com – Premium‑Markenname (Food Snack),"FlavorPilot.com ist ein markenstarker Domainname für Snacks, Food‑Marke, Lieferdienst. Kurz, einprägsam und SEO‑stark — ideal für organisches Wachstum und Vertrauen.","Entdecke FlavorPilot.com: Premium‑Name für Snacks, Food‑Marke und Lieferdienst. Kurz, merkfähig und SEO‑optimiert."
PumaAxis.com,saas_dashboard,PumaAxis.com – Premium‑Markenname (Saas Dashboard),"PumaAxis.com ist ein markenstarker Domainname für SaaS, Dashboard, B2B‑Software. Kurz, einprägsam und SEO‑stark — ideal für organisches Wachstum und Vertrauen.","Entdecke PumaAxis.com: Premium‑Name für SaaS, Dashboard und B2B‑Software. Kurz, merkfähig und SEO‑optimiert."
AxisSeven.com,saas_dashboard,AxisSeven.com – Premium‑Markenname (Saas Dashboard),"AxisSeven.com ist ein markenstarker Domainname für SaaS, Dashboard, B2B‑Software. Kurz, einprägsam und SEO‑stark — ideal für organisches Wachstum und Vertrauen.","Entdecke AxisSeven.com: Premium‑Name für SaaS, Dashboard und B2B‑Software. Kurz, merkfähig und SEO‑optimiert."
Wellsix.com,health_diet,Wellsix.com – Premium‑Markenname (Health Diet),"Wellsix.com ist ein markenstarker Domainname für gesunde Ernährung, Ernährung, Wellness. Kurz, einprägsam und SEO‑stark — ideal für organisches Wachstum und Vertrauen.","Entdecke Wellsix.com: Premium‑Name für gesunde Ernährung, Ernährung und Wellness. Kurz, merkfähig und SEO‑optimiert."
Dronefive.com,drone_tech,Dronefive.com – Premium‑Markenname (Drone Tech),"Dronefive.com ist ein markenstarker Domainname für Drohnen, Luftaufnahmen, Mapping. Kurz, einprägsam und SEO‑stark — ideal für organisches Wachstum und Vertrauen.","Entdecke Dronefive.com: Premium‑Name für Drohnen, Luftaufnahmen und Mapping. Kurz, merkfähig und SEO‑optimiert."
SwankBee.com,brandable_general,SwankBee.com – Premium‑Markenname (Brandable General),"SwankBee.com ist ein markenstarker Domainname für brandable, kurzer Name, einprägsam. Kurz, einprägsam und SEO‑stark — ideal für organisches Wachstum und Vertrauen.","Entdecke SwankBee.com: Premium‑Name für brandable, kurzer Name und einprägsam. Kurz, merkfähig und SEO‑optimiert."
SoftRaven.com,music_audio,SoftRaven.com – Premium‑Markenname (Music Audio),"SoftRaven.com ist ein markenstarker Domainname für KI‑Musik, Audio‑Software, Sound Design. Kurz, einprägsam und SEO‑stark — ideal für organisches Wachstum und Vertrauen.","Entdecke SoftRaven.com: Premium‑Name für KI‑Musik, Audio‑Software und Sound Design. Kurz, merkfähig und SEO‑optimiert."
OrbitTwo.com,nature_green,OrbitTwo.com – Premium‑Markenname (Nature Green),"OrbitTwo.com ist ein markenstarker Domainname für Nachhaltigkeit, Öko, Natur. Kurz, einprägsam und SEO‑stark — ideal für organisches Wachstum und Vertrauen.","Entdecke OrbitTwo.com: Premium‑Name für Nachhaltigkeit, Öko und Natur. Kurz, merkfähig und SEO‑optimiert."
OwlSnack.com,music_audio,OwlSnack.com – Premium‑Markenname (Music Audio),"OwlSnack.com ist ein markenstarker Domainname für KI‑Musik, Audio‑Software, Sound Design. Kurz, einprägsam und SEO‑stark — ideal für organisches Wachstum und Vertrauen.","Entdecke OwlSnack.com: Premium‑Name für KI‑Musik, Audio‑Software und Sound Design. Kurz, merkfähig und SEO‑optimiert."
VaultTrend.com,trend_analytics,VaultTrend.com – Premium‑Markenname (Trend Analytics),"VaultTrend.com ist ein markenstarker Domainname für Analytics, Daten, Trends. Kurz, einprägsam und SEO‑stark — ideal für organisches Wachstum und Vertrauen.","Entdecke VaultTrend.com: Premium‑Name für Analytics, Daten und Trends. Kurz, merkfähig und SEO‑optimiert."
MetroGist.com,trend_analytics,MetroGist.com – Premium‑Markenname (Trend Analytics),"MetroGist.com ist ein markenstarker Domainname für Analytics, Daten, Trends. Kurz, einprägsam und SEO‑stark — ideal für organisches Wachstum und Vertrauen.","Entdecke MetroGist.com: Premium‑Name für Analytics, Daten und Trends. Kurz, merkfähig und SEO‑optimiert."
NextVisor.com,saas_dashboard,NextVisor.com – Premium‑Markenname (Saas Dashboard),"NextVisor.com ist ein markenstarker Domainname für SaaS, Dashboard, B2B‑Software. Kurz, einprägsam und SEO‑stark — ideal für organisches Wachstum und Vertrauen.","Entdecke NextVisor.com: Premium‑Name für SaaS, Dashboard und B2B‑Software. Kurz, merkfähig und SEO‑optimiert."
CapacityOne.com,brandable_general,CapacityOne.com – Premium‑Markenname (Brandable General),"CapacityOne.com ist ein markenstarker Domainname für brandable, kurzer Name, einprägsam. Kurz, einprägsam und SEO‑stark — ideal für organisches Wachstum und Vertrauen.","Entdecke CapacityOne.com: Premium‑Name für brandable, kurzer Name und einprägsam. Kurz, merkfähig und SEO‑optimiert."
Suvary.com,brandable_general,Suvary.com – Premium‑Markenname (Brandable General),"Suvary.com ist ein markenstarker Domainname für brandable, kurzer Name, einprägsam. Kurz, einprägsam und SEO‑stark — ideal für organisches Wachstum und Vertrauen.","Entdecke Suvary.com: Premium‑Name für brandable, kurzer Name und einprägsam. Kurz, merkfähig und SEO‑optimiert."
LeaderBulk.com,brandable_general,LeaderBulk.com – Premium‑Markenname (Brandable General),"LeaderBulk.com ist ein markenstarker Domainname für brandable, kurzer Name, einprägsam. Kurz, einprägsam und SEO‑stark — ideal für organisches Wachstum und Vertrauen.","Entdecke LeaderBulk.com: Premium‑Name für brandable, kurzer Name und einprägsam. Kurz, merkfähig und SEO‑optimiert."
BrandCubic.com,brand_agency,BrandCubic.com – Premium‑Markenname (Brand Agency),"BrandCubic.com ist ein markenstarker Domainname für branding, agency, creative. Kurz, einprägsam und SEO‑stark — ideal für organisches Wachstum und Vertrauen.","Entdecke BrandCubic.com: Premium‑Name für branding, agency und creative. Kurz, merkfähig und SEO‑optimiert."
BirdEars.com,brandable_general,BirdEars.com – Premium‑Markenname (Brandable General),"BirdEars.com ist ein markenstarker Domainname für brandable, kurzer Name, einprägsam. Kurz, einprägsam und SEO‑stark — ideal für organisches Wachstum und Vertrauen.","Entdecke BirdEars.com: Premium‑Name für brandable, kurzer Name und einprägsam. Kurz, merkfähig und SEO‑optimiert."
BeeProbe.com,brandable_general,BeeProbe.com – Premium‑Markenname (Brandable General),"BeeProbe.com ist ein markenstarker Domainname für brandable, kurzer Name, einprägsam. Kurz, einprägsam und SEO‑stark — ideal für organisches Wachstum und Vertrauen.","Entdecke BeeProbe.com: Premium‑Name für brandable, kurzer Name und einprägsam. Kurz, merkfähig und SEO‑optimiert."
BeViews.com,brandable_general,BeViews.com – Premium‑Markenname (Brandable General),"BeViews.com ist ein markenstarker Domainname für brandable, kurzer Name, einprägsam. Kurz, einprägsam und SEO‑stark — ideal für organisches Wachstum und Vertrauen.","Entdecke BeViews.com: Premium‑Name für brandable, kurzer Name und einprägsam. Kurz, merkfähig und SEO‑optimiert."
JointCup.com,brandable_general,JointCup.com – Premium‑Markenname (Brandable General),"JointCup.com ist ein markenstarker Domainname für brandable, kurzer Name, einprägsam. Kurz, einprägsam und SEO‑stark — ideal für organisches Wachstum und Vertrauen.","Entdecke JointCup.com: Premium‑Name für brandable, kurzer Name und einprägsam. Kurz, merkfähig und SEO‑optimiert."
PumpLeaf.com,food_snack,PumpLeaf.com – Premium‑Markenname (Food Snack),"PumpLeaf.com ist ein markenstarker Domainname für Snacks, Food‑Marke, Lieferdienst. Kurz, einprägsam und SEO‑stark — ideal für organisches Wachstum und Vertrauen.","Entdecke PumpLeaf.com: Premium‑Name für Snacks, Food‑Marke und Lieferdienst. Kurz, merkfähig und SEO‑optimiert."
IXAZ.com,brandable_general,IXAZ.com – Premium‑Markenname (Brandable General),"IXAZ.com ist ein markenstarker Domainname für brandable, kurzer Name, einprägsam. Kurz, einprägsam und SEO‑stark — ideal für organisches Wachstum und Vertrauen.","Entdecke IXAZ.com: Premium‑Name für brandable, kurzer Name und einprägsam. Kurz, merkfähig und SEO‑optimiert."
Kwoy.com,brandable_general,Kwoy.com – Premium‑Markenname (Brandable General),"Kwoy.com ist ein markenstarker Domainname für brandable, kurzer Name, einprägsam. Kurz, einprägsam und SEO‑stark — ideal für organisches Wachstum und Vertrauen.","Entdecke Kwoy.com: Premium‑Name für brandable, kurzer Name und einprägsam. Kurz, merkfähig und SEO‑optimiert."
Ago.me,brandable_general,Ago.me – Premium‑Markenname (Brandable General),"Ago.me ist ein markenstarker Domainname für brandable, kurzer Name, einprägsam. Kurz, einprägsam und SEO‑stark — ideal für organisches Wachstum und Vertrauen.","Entdecke Ago.me: Premium‑Name für brandable, kurzer Name und einprägsam. Kurz, merkfähig und SEO‑optimiert."
AxisPanel.com,saas_dashboard,AxisPanel.com – Premium‑Markenname (Saas Dashboard),"AxisPanel.com ist ein markenstarker Domainname für SaaS, Dashboard, B2B‑Software. Kurz, einprägsam und SEO‑stark — ideal für organisches Wachstum und Vertrauen.","Entdecke AxisPanel.com: Premium‑Name für SaaS, Dashboard und B2B‑Software. Kurz, merkfähig und SEO‑optimiert."
NutAxis.com,saas_dashboard,NutAxis.com – Premium‑Markenname (Saas Dashboard),"NutAxis.com ist ein markenstarker Domainname für SaaS, Dashboard, B2B‑Software. Kurz, einprägsam und SEO‑stark — ideal für organisches Wachstum und Vertrauen.","Entdecke NutAxis.com: Premium‑Name für SaaS, Dashboard und B2B‑Software. Kurz, merkfähig und SEO‑optimiert."
BurgerOrbit.com,food_snack,BurgerOrbit.com – Premium‑Markenname (Food Snack),"BurgerOrbit.com ist ein markenstarker Domainname für Snacks, Food‑Marke, Lieferdienst. Kurz, einprägsam und SEO‑stark — ideal für organisches Wachstum und Vertrauen.","Entdecke BurgerOrbit.com: Premium‑Name für Snacks, Food‑Marke und Lieferdienst. Kurz, merkfähig und SEO‑optimiert."
Insurens.com,insurance,Insurens.com – Premium‑Markenname (Insurance),"Insurens.com ist ein markenstarker Domainname für Versicherung, InsurTech, Abdeckung. Kurz, einprägsam und SEO‑stark — ideal für organisches Wachstum und Vertrauen.","Entdecke Insurens.com: Premium‑Name für Versicherung, InsurTech und Abdeckung. Kurz, merkfähig und SEO‑optimiert."
Foxfuze.com,animals_strength,Foxfuze.com – Premium‑Markenname (Animals Strength),"Foxfuze.com ist ein markenstarker Domainname für Fitness, Outdoor, Leadership. Kurz, einprägsam und SEO‑stark — ideal für organisches Wachstum und Vertrauen.","Entdecke Foxfuze.com: Premium‑Name für Fitness, Outdoor und Leadership. Kurz, merkfähig und SEO‑optimiert."
VillaTiger.com,real_estate,VillaTiger.com – Premium‑Markenname (Real Estate),"VillaTiger.com ist ein markenstarker Domainname für Immobilien, PropTech, Luxusobjekte. Kurz, einprägsam und SEO‑stark — ideal für organisches Wachstum und Vertrauen.","Entdecke VillaTiger.com: Premium‑Name für Immobilien, PropTech und Luxusobjekte. Kurz, merkfähig und SEO‑optimiert."
DiligentFox.com,animals_strength,DiligentFox.com – Premium‑Markenname (Animals Strength),"DiligentFox.com ist ein markenstarker Domainname für Fitness, Outdoor, Leadership. Kurz, einprägsam und SEO‑stark — ideal für organisches Wachstum und Vertrauen.","Entdecke DiligentFox.com: Premium‑Name für Fitness, Outdoor und Leadership. Kurz, merkfähig und SEO‑optimiert."
SquadDefend.com,security_privacy,SquadDefend.com – Premium‑Markenname (Security Privacy),"SquadDefend.com ist ein markenstarker Domainname für Cybersecurity, Datenschutz, Tresor. Kurz, einprägsam und SEO‑stark — ideal für organisches Wachstum und Vertrauen.","Entdecke SquadDefend.com: Premium‑Name für Cybersecurity, Datenschutz und Tresor. Kurz, merkfähig und SEO‑optimiert."
Fullbison.com,animals_strength,Fullbison.com – Premium‑Markenname (Animals Strength),"Fullbison.com ist ein markenstarker Domainname für Fitness, Outdoor, Leadership. Kurz, einprägsam und SEO‑stark — ideal für organisches Wachstum und Vertrauen.","Entdecke Fullbison.com: Premium‑Name für Fitness, Outdoor und Leadership. Kurz, merkfähig und SEO‑optimiert."
Beslan.com,brandable_general,Beslan.com – Premium‑Markenname (Brandable General),"Beslan.com ist ein markenstarker Domainname für brandable, kurzer Name, einprägsam. Kurz, einprägsam und SEO‑stark — ideal für organisches Wachstum und Vertrauen.","Entdecke Beslan.com: Premium‑Name für brandable, kurzer Name und einprägsam. Kurz, merkfähig und SEO‑optimiert."
Bapup.com,brandable_general,Bapup.com – Premium‑Markenname (Brandable General),"Bapup.com ist ein markenstarker Domainname für brandable, kurzer Name, einprägsam. Kurz, einprägsam und SEO‑stark — ideal für organisches Wachstum und Vertrauen.","Entdecke Bapup.com: Premium‑Name für brandable, kurzer Name und einprägsam. Kurz, merkfähig und SEO‑optimiert."
SwiftPrice.com,pricing_deals,SwiftPrice.com – Premium‑Markenname (Pricing Deals),"SwiftPrice.com ist ein markenstarker Domainname für Preisvergleich, Angebote, Dynamic Pricing. Kurz, einprägsam und SEO‑stark — ideal für organisches Wachstum und Vertrauen.","Entdecke SwiftPrice.com: Premium‑Name für Preisvergleich, Angebote und Dynamic Pricing. Kurz, merkfähig und SEO‑optimiert."
LovelyNic.com,brandable_general,LovelyNic.com – Premium‑Markenname (Brandable General),"LovelyNic.com ist ein markenstarker Domainname für brandable, kurzer Name, einprägsam. Kurz, einprägsam und SEO‑stark — ideal für organisches Wachstum und Vertrauen.","Entdecke LovelyNic.com: Premium‑Name für brandable, kurzer Name und einprägsam. Kurz, merkfähig und SEO‑optimiert."
WolfFleet.com,animals_strength,WolfFleet.com – Premium‑Markenname (Animals Strength),"WolfFleet.com ist ein markenstarker Domainname für Fitness, Outdoor, Leadership. Kurz, einprägsam und SEO‑stark — ideal für organisches Wachstum und Vertrauen.","Entdecke WolfFleet.com: Premium‑Name für Fitness, Outdoor und Leadership. Kurz, merkfähig und SEO‑optimiert."
Soothelle.com,brandable_general,Soothelle.com – Premium‑Markenname (Brandable General),"Soothelle.com ist ein markenstarker Domainname für brandable, kurzer Name, einprägsam. Kurz, einprägsam und SEO‑stark — ideal für organisches Wachstum und Vertrauen.","Entdecke Soothelle.com: Premium‑Name für brandable, kurzer Name und einprägsam. Kurz, merkfähig und SEO‑optimiert."
ColorfulBrains.com,brand_agency,ColorfulBrains.com – Premium‑Markenname (Brand Agency),"ColorfulBrains.com ist ein markenstarker Domainname für branding, agency, creative. Kurz, einprägsam und SEO‑stark — ideal für organisches Wachstum und Vertrauen.","Entdecke ColorfulBrains.com: Premium‑Name für branding, agency und creative. Kurz, merkfähig und SEO‑optimiert."
Kurub.com,brandable_general,Kurub.com – Premium‑Markenname (Brandable General),"Kurub.com ist ein markenstarker Domainname für brandable, kurzer Name, einprägsam. Kurz, einprägsam und SEO‑stark — ideal für organisches Wachstum und Vertrauen.","Entdecke Kurub.com: Premium‑Name für brandable, kurzer Name und einprägsam. Kurz, merkfähig und SEO‑optimiert."
LeoBlock.com,brandable_general,LeoBlock.com – Premium‑Markenname (Brandable General),"LeoBlock.com ist ein markenstarker Domainname für brandable, kurzer Name, einprägsam. Kurz, einprägsam und SEO‑stark — ideal für organisches Wachstum und Vertrauen.","Entdecke LeoBlock.com: Premium‑Name für brandable, kurzer Name und einprägsam. Kurz, merkfähig und SEO‑optimiert."
Grisus.com,brandable_general,Grisus.com – Premium‑Markenname (Brandable General),"Grisus.com ist ein markenstarker Domainname für brandable, kurzer Name, einprägsam. Kurz, einprägsam und SEO‑stark — ideal für organisches Wachstum und Vertrauen.","Entdecke Grisus.com: Premium‑Name für brandable, kurzer Name und einprägsam. Kurz, merkfähig und SEO‑optimiert."
GeniusScout.com,brand_agency,GeniusScout.com – Premium‑Markenname (Brand Agency),"GeniusScout.com ist ein markenstarker Domainname für branding, agency, creative. Kurz, einprägsam und SEO‑stark — ideal für organisches Wachstum und Vertrauen.","Entdecke GeniusScout.com: Premium‑Name für branding, agency und creative. Kurz, merkfähig und SEO‑optimiert."
Nockit.com,brandable_general,Nockit.com – Premium‑Markenname (Brandable General),"Nockit.com ist ein markenstarker Domainname für brandable, kurzer Name, einprägsam. Kurz, einprägsam und SEO‑stark — ideal für organisches Wachstum und Vertrauen.","Entdecke Nockit.com: Premium‑Name für brandable, kurzer Name und einprägsam. Kurz, merkfähig und SEO‑optimiert."
CleanBox.net,brandable_general,CleanBox.net – Premium‑Markenname (Brandable General),"CleanBox.net ist ein markenstarker Domainname für brandable, kurzer Name, einprägsam. Kurz, einprägsam und SEO‑stark — ideal für organisches Wachstum und Vertrauen.","Entdecke CleanBox.net: Premium‑Name für brandable, kurzer Name und einprägsam. Kurz, merkfähig und SEO‑optimiert."
ToVogue.com,brandable_general,ToVogue.com – Premium‑Markenname (Brandable General),"ToVogue.com ist ein markenstarker Domainname für brandable, kurzer Name, einprägsam. Kurz, einprägsam und SEO‑stark — ideal für organisches Wachstum und Vertrauen.","Entdecke ToVogue.com: Premium‑Name für brandable, kurzer Name und einprägsam. Kurz, merkfähig und SEO‑optimiert."
Bemif.com,brandable_general,Bemif.com – Premium‑Markenname (Brandable General),"Bemif.com ist ein markenstarker Domainname für brandable, kurzer Name, einprägsam. Kurz, einprägsam und SEO‑stark — ideal für organisches Wachstum und Vertrauen.","Entdecke Bemif.com: Premium‑Name für brandable, kurzer Name und einprägsam. Kurz, merkfähig und SEO‑optimiert."
Bubev.com,brandable_general,Bubev.com – Premium‑Markenname (Brandable General),"Bubev.com ist ein markenstarker Domainname für brandable, kurzer Name, einprägsam. Kurz, einprägsam und SEO‑stark — ideal für organisches Wachstum und Vertrauen.","Entdecke Bubev.com: Premium‑Name für brandable, kurzer Name und einprägsam. Kurz, merkfähig und SEO‑optimiert."
Kzrn.com,brandable_general,Kzrn.com – Premium‑Markenname (Brandable General),"Kzrn.com ist ein markenstarker Domainname für brandable, kurzer Name, einprägsam. Kurz, einprägsam und SEO‑stark — ideal für organisches Wachstum und Vertrauen.","Entdecke Kzrn.com: Premium‑Name für brandable, kurzer Name und einprägsam. Kurz, merkfähig und SEO‑optimiert."
AiHarp.com,music_audio,AiHarp.com – Premium‑Markenname (Music Audio),"AiHarp.com ist ein markenstarker Domainname für KI‑Musik, Audio‑Software, Sound Design. Kurz, einprägsam und SEO‑stark — ideal für organisches Wachstum und Vertrauen.","Entdecke AiHarp.com: Premium‑Name für KI‑Musik, Audio‑Software und Sound Design. Kurz, merkfähig und SEO‑optimiert."
ILKX.com,brandable_general,ILKX.com – Premium‑Markenname (Brandable General),"ILKX.com ist ein markenstarker Domainname für brandable, kurzer Name, einprägsam. Kurz, einprägsam und SEO‑stark — ideal für organisches Wachstum und Vertrauen.","Entdecke ILKX.com: Premium‑Name für brandable, kurzer Name und einprägsam. Kurz, merkfähig und SEO‑optimiert."
Nisuvi.com,brandable_general,Nisuvi.com – Premium‑Markenname (Brandable General),"Nisuvi.com ist ein markenstarker Domainname für brandable, kurzer Name, einprägsam. Kurz, einprägsam und SEO‑stark — ideal für organisches Wachstum und Vertrauen.","Entdecke Nisuvi.com: Premium‑Name für brandable, kurzer Name und einprägsam. Kurz, merkfähig und SEO‑optimiert."
ShinUp.com,brandable_general,ShinUp.com – Premium‑Markenname (Brandable General),"ShinUp.com ist ein markenstarker Domainname für brandable, kurzer Name, einprägsam. Kurz, einprägsam und SEO‑stark — ideal für organisches Wachstum und Vertrauen.","Entdecke ShinUp.com: Premium‑Name für brandable, kurzer Name und einprägsam. Kurz, merkfähig und SEO‑optimiert."
CultureChord.com,brandable_general,CultureChord.com – Premium‑Markenname (Brandable General),"CultureChord.com ist ein markenstarker Domainname für brandable, kurzer Name, einprägsam. Kurz, einprägsam und SEO‑stark — ideal für organisches Wachstum und Vertrauen.","Entdecke CultureChord.com: Premium‑Name für brandable, kurzer Name und einprägsam. Kurz, merkfähig und SEO‑optimiert."
CloutCrest.com,brandable_general,CloutCrest.com – Premium‑Markenname (Brandable General),"CloutCrest.com ist ein markenstarker Domainname für brandable, kurzer Name, einprägsam. Kurz, einprägsam und SEO‑stark — ideal für organisches Wachstum und Vertrauen.","Entdecke CloutCrest.com: Premium‑Name für brandable, kurzer Name und einprägsam. Kurz, merkfähig und SEO‑optimiert."
